from,to,lastUpdated
profileid:6570860,ror:00j4k1h63,2023
profileid:1876423,ror:04b6nzv94,2024
profileid:1858811,ror:03wevmz92,2023
profileid:8614812,ror:002pd6e78,2022
profileid:10450719,ror:0168r3w48,2017
profileid:9603016,ror:03gds6c39,2021
profileid:1900244,ror:0168r3w48,2023
profileid:8485057,ror:02nkdxk79,2009
profileid:8485696,ror:00jmfr291,2023
profileid:12364332,ror:00rs6vg23,2022
profileid:8892513,uei:N2KLACCRD6D5,2018
profileid:2050145,ror:05rrcem69,2023
profileid:7745756,ror:05rrcem69,2023
profileid:8956784,ror:002pd6e78,2023
profileid:10807170,ror:01ckdn478,2022
profileid:9972311,ror:01ckdn478,2023
profileid:10349485,ror:00za53h95,2022
profileid:6951767,ror:046rm7j60,2017
profileid:6390810,ror:046rm7j60,2023
profileid:9493483,ror:00py81415,2023
profileid:8547915,ror:00b30xv10,2022
profileid:7698522,ror:03efmqc40,2019
profileid:8952899,ror:03efmqc40,2023
profileid:1897028,ror:01a4gqp27,2024
profileid:6417303,ror:00cvxb145,2023
profileid:6406851,ror:05vt9qd57,2024
profileid:9845089,ror:05vt9qd57,2023
profileid:1891108,ror:05vt9qd57,2023
profileid:6625336,ror:002pd6e78,2023
profileid:1877373,ror:01mdfdm06,2023
profileid:16392635,ror:01mdfdm06,2023
profileid:7680168,ror:05wthjx48,2023
profileid:6293772,ror:02y3ad647,2023
profileid:9451051,ror:04p491231,2015
profileid:10833925,ror:03v1z6488,2023
profileid:9733196,ror:01esghr10,2023
profileid:9136437,ror:02dgjyy92,2023
profileid:10379550,ror:02r109517,2022
profileid:11165737,ror:02dgjyy92,2022
profileid:10311819,ror:02k3smh20,2022
profileid:10129440,ror:0130frc33,2022
profileid:77820001,ror:041qkag73,2022
profileid:12225947,ror:047426m28,2023
profileid:77827345,ror:05ect4e57,2022
profileid:8668731,ror:03czfpz43,2024
profileid:8553912,ror:01yc7t268,2023
profileid:77816868,ror:037s24f05,2022
profileid:8857241,ror:013msgt25,2022
profileid:8012149,ror:00cvxb145,2023
profileid:6601712,ror:05vt9qd57,2023
profileid:11457621,ror:05vt9qd57,2023
profileid:1861255,ror:05vt9qd57,2022
profileid:14135419,ror:05bnh6r87,2023
profileid:8717080,uei:M3KHEEYRM1S6,2010
profileid:8667619,ror:043mz5j54,2023
profileid:1861871,ror:050kf9c55,2020
profileid:6786579,ror:01a1jjn24,2023
profileid:2431709,ror:02der9h97,2007
profileid:14228211,ror:01h22ap11,2023
profileid:9832700,ror:02xawj266,2023
profileid:9502968,ror:034mtvk83,2010
profileid:6787050,ror:05rrcem69,2008
profileid:2563052,ror:02pttbw34,2023
profileid:10046004,ror:02pttbw34,2022
profileid:7039414,ror:02pttbw34,2023
profileid:6763646,ror:057q4rt57,2023
profileid:16231045,ror:00za53h95,2023
profileid:7989301,ror:0168r3w48,2023
profileid:77861758,uei:ZGKNGJMR7185,2022
profileid:78421272,uei:JELTXBVC4DZ1,2022
profileid:9445541,uei:ZMEHBJ39DWK1,2022
profileid:8656449,ror:00hj8s172,2023
profileid:15312069,uei:KV6XHGACM3Z5,2021
profileid:2191319,uei:E4LRXHW2EKS5,2023
profileid:10320851,ror:01z7r7q48,2015
profileid:9198778,ror:01z7r7q48,2023
profileid:1862128,ror:00f54p054,2023
profileid:9717053,ror:05dk0ce17,2023
profileid:9436729,ror:05dk0ce17,2023
profileid:2264716,ror:02t274463,2023
profileid:1862771,ror:00b30xv10,2023
profileid:11288941,ror:0168r3w48,2023
profileid:1896926,ror:00rs6vg23,2021
