radx_project,dbgap_accession,project_num,core_project_num,project_serial_num,principal_investigator,study_title
RADx-rad,phs002744.v1.p1,U01AA029345,U01AA029345,AA029345,Khalid Salaita,Rapid Acceleration of Diagnostics - Radical (RADx-rad): Rolosense: An Innovative Platform for Automatic Mobile Phone Readout of Active SARS-CoV-2
RADx-UP,phs002775.v1.p1,U54GM115677,U54GM115677,GM115677,Sharon Rounds,Rapid Acceleration of Diagnostics - Underserved Populations (RADx-UP):  Developing a Realtime Monitoring System and Program to Improve COVID-19 Testing for Latinx Populations
RADx-UP,phs002761.v1.p1,3UL1TR003167-02S1,UL1TR003167,TR003167,David McPherson,Rapid Acceleration of Diagnostics - Underserved Populations (RADx-UP): Addressing COVID-19 Testing Disparities in Vulnerable Populations Using a Community JITAI (Just in Time Adaptive Intervention) Approach-A UTHealth  A UTHealth CTSA Program
RADx-UP,phs002761.v1.p1,3UL1TR003167-03S3,UL1TR003167,TR003167,David McPherson,Rapid Acceleration of Diagnostics - Underserved Populations (RADx-UP): Addressing COVID-19 Testing Disparities in Vulnerable Populations Using a Community JITAI (Just in Time Adaptive Intervention) Approach-A UTHealth  A UTHealth CTSA Program
RADx-UP,phs002759.v1.p1,1OT2HD107557,OT2HD107557,HD107557,Jason Newland,Rapid Acceleration of Diagnostics - Underserved Populations (RADx-UP): Assessing Testing Strategies for Safe Return to K-12 Schools in an Underserved Population
RADx-UP,phs002875.v1.p1,3U54MD007595-12S4,U54MD007595,MD007595,Sara Al-Dahir,Rapid Acceleration of Diagnostics - Underserved Populations (RADx-UP): Assessing Vaccine Hesitancy and a Pharmacist Led Intervention Model to Increase COVID-19 Vaccine Uptake Among African Americans
RADx-UP,phs002800.v1.p1,1OT2HD107553-01,OT2HD107553,HD107553,John Foxe,Rapid Acceleration of Diagnostics - Underserved Populations (RADx-UP): COV-IDD: Testing for COVID-19 in High Risk Children with Intellectual and Developmental Disabilities
RADx-UP,phs002760.v1.p1,R01HL151292-01S1,R01HL151292,HL151292,Robert Gross,Rapid Acceleration of Diagnostics - Underserved Populations (RADx-UP): COVID Self-Testing Through Rapid Network Distribution (C-STRAND)
RADx-UP,phs002869.v1.p1,3UH3CA233314-02S1,UH3CA233314,CA233314,Maria Martinez,Rapid Acceleration of Diagnostics - Underserved Populations (RADx-UP): COVID-19 Testing in Underserved and Vulnerable Populations Receiving Care in San Diego Community Health
RADx-UP,phs002878.v1.p1,1OT2HD108112-01,OT2HD108112,HD108112,Susan Kiene,Rapid Acceleration of Diagnostics - Underserved Populations (RADx-UP): Communities Fighting COVID!: Returning Our Kids Back to School Safely
RADx-UP,phs002776.v1.p1,3R01DA036749-05S1,R01DA036749,DA036749,Janice Tsoh,Rapid Acceleration of Diagnostics - Underserved Populations (RADx-UP): Getting Asian Americans INFORMED To Facilitate COVID-19 Testing and Vaccination
RADx-UP,phs002821.v1.p1,R01DA049644,R01DA049644,DA049644,Steffanie Strathdee,Rapid Acceleration of Diagnostics - Underserved Populations (RADx-UP): Harm Reduction Coalition San Diego - Onpoint
RADx-rad,phs002778.v1.p1,1U18TR003793-01,U18TR003793,TR003793,Shannon Stott,Rapid Acceleration of Diagnostics - Radical (RADx-rad): Microfluidic Isolation and Characterization of SARS-CoV-2 and Virus Related Exosomes
RADx-UP,phs002616.v1.p1,R01MD013769-02S1,R01MD013769,MD013769,Antoinette Schoenthaler,Rapid Acceleration of Diagnostics  - Underserved Populations (RADx-UP): Bridging the Evidence-to-Practice Gap: Evaluating Practice Facilitation as a Strategy to Accelerate Translation of a Systems-level Adherence Intervention into Safety Net Practices/Pro
RADx-UP,phs002651.v1.p1,3U01DA040381-05S1,U01DA040381,DA040381,Marianna Baum,Rapid Acceleration of Diagnostics  - Underserved Populations(RADx-UP): Community Engaged Research on COVID-19 Testing Among Underserved and/or Vulnerable Populations
RADx-UP,phs002648.v1.p1,3U01GM132175-02S1,U01GM132175,GM132175,Akshay Sood,Rapid Acceleration of Diagnostics (RADx): Keeping Rural Minority ‘Essential’ Workplaces Open Safely During the COVID-19 Pandemic: The Role of Frequent Point-of-Care Molecular Workplace Surveillance for Miners (Short title: The Miners’ Pandemic Project)
RADx-UP,phs002646.v1.p1,3U54GM104940-05S3,U54GM104940,GM104940,John Kirwan,Rapid Acceleration of Diagnostics (RADx): Transforming Community Engagement to Increase SARS-CoV-2 Testing in Underserved Populations in Baton Rouge (TEST UP-BR)
RADx-DHT,phs002533.v1.p1,75N91020C00038,75N91020C00038,75N91020C00038,Praduman Jain,Rapid Acceleration of Diagnostics - Digital Health (RADX-DH): Digital Health Solutions for COVID-19: COVID Community Action and Research Engagement (COVID-CARE)
RADx-DHT,phs002537.v1.p1,75N91020C00034,75N91020C00034,75N91020C00034,Ernesto Ramirez,Rapid Acceleration of Diagnostics - Digital Health (RADx-DH): COVID-19 Experience Study (C19EX) Survey
RADx-DHT,phs002519.v1.p1,75N91020C00039,75N91020C00039,75N91020C00039,Yulin Hswen,Rapid Acceleration of Diagnostics - Digital Health (RADx-DH): Covidseeker and COVID-19 Citizen Science: Leveraging Citizen Science and Real-Time Geospatial Temporal Mobile Data for Digital Contact Tracing and SARS-CoV-2 Hotspotting
RADx-DHT,phs002534.v1.p1,75N91020C00037,75N91020C00037,75N91020C00037,Robert Walton,Rapid Acceleration of Diagnostics - Digital Health (RADx-DH): Digital Health Solution for COVID-19
RADx-DHT,phs002628.v1.p1,75N91020C00035,75N91020C00035,75N91020C00035,Adarbad Master,Rapid Acceleration of Diagnostics - Digital Health (RADx-DH): Digital Health Solutions for COVID-19: Clear2G
RADx-DHT,phs002538.v1.p1,75N91020C00034,75N91020C00034,75N91020C00034,Ernesto Ramirez,Rapid Acceleration of Diagnostics - Digital Health (RADx-DH): ILI Labels and Longitudinal Novel Engagement with Symptom Surveillance (ILLNESS) Study
RADx-DHT,phs002539.v1.p1,75N91020C00034,75N91020C00034,75N91020C00034,Ernesto Ramirez,Rapid Acceleration of Diagnostics - Digital Health (RADx-DH): Large Scale Flu Surveillance Study (LSFS)
RADx-DHT,phs002516.v1.p1,75N91020C00036-0-999-1,75N91020C00036,75N91020C00036,Teresa Gibson,Rapid Acceleration of Diagnostics - Digital Health (RADx-DH): NIH Digital Health Solutions for COVID-19
RADx-DHT,phs002535.v1.p1,75N91020C00040,75N91020C00040,75N91020C00040,Karen Larimer,Rapid Acceleration of Diagnostics - Digital Health (RADx-DH): Personalized Analytics and Wearable Biosensor Platform for Early Detection of Covid-19 Decompensation (DECODE)
RADx-DHT,phs002540.v1.p1,75N92020P00146,75N92020P00146,75N92020P00146,Vik Kheterpal,Rapid Acceleration of Diagnostics - Digital Health (RADx-DH): SAFER-COVID
RADx-rad,phs002604.v1.p1,1U01DA053949-01,U01DA053949,DA053949,Anne-Catrin Uhlemann,Rapid Acceleration of Diagnostics - RADICAL (RADx-rad):  Tracking the COVID-19 Epidemic in Sewage (TRACES)
RADx-rad,phs002583.v1.p1,5U01HL150852-02,U01HL150852,HL150852,Edward DeMauro,Rapid Acceleration of Diagnostics - Radical  (RADx-rad):  A Rapid Breathalyzer Diagnostics Platform for COVID-19
RADx-rad,phs002603.v1.p1,3R33HD105594-03S1,R33HD105594,HD105594,Audrey Odom John,Rapid Acceleration of Diagnostics - Radical  (RADx-rad): Diagnosis of MIS-C in Febrile Children
RADx-rad,phs002642.v1.p1,R01DC016112,R01DC016112,DC016112,Susan Travers,Rapid Acceleration of Diagnostics - Radical (RADx-rad):  A Confectionary-based Screening Tool for Assessing Chemosensory Loss in COVID-19 Patients
RADx-rad,phs002702.v1.p1,1R44DE030842-01,R44DE030842,DE030842,Jeffrey Ly,Rapid Acceleration of Diagnostics - Radical (RADx-rad):  A Scalable Aptamer-based Electrochemical Biosensor For Rapid Detection of SARS-CoV-2 From Saliva
RADx-rad,phs002685.v1.p1,1R44DE030852-01,R44DE030852,DE030852,Yao Xiaohu,Rapid Acceleration of Diagnostics - Radical (RADx-rad):  DNA Star SAS-CoV-2 Rapid Test
RADx-rad,phs003124.v1.p1,1U18TR003780-01,U18TR003780,TR003780,Samarjit Das,Rapid Acceleration of Diagnostics - Radical (RADx-rad):  Exosome-based Non-traditional Technologies Towards Multi-Parametric and Integrated Approaches for SARS-CoV-2
RADx-rad,phs002729.v1.p1,1U01DA053899-01,U01DA053899,DA053899,Rachel Noble,"Rapid Acceleration of Diagnostics - Radical (RADx-rad):  Improved Scalability, Sensitivity, and Interpretability of Pathogen Detection, Including SARS-CoV-2, in Wastewater using High-Throughput, Highly Multiplexed Digital Array PCR Technology"
RADx-rad,phs002964.v1.p1,U01DC019579,U01DC019579,DC019579,Mark Albers,Rapid Acceleration of Diagnostics - Radical (RADx-rad):  Longitudinal at Home Smell Testing to Detect Infection by SARS-C
RADx-rad,phs002782.v1.p1,1ZIAES103366-02,ZIAES103366,ES103366,Douglas Bell,Rapid Acceleration of Diagnostics - Radical (RADx-rad):  NIEHS Diagnostic-Prognostic RNAseq
RADx-rad,phs002945.v1.p1,R61HD105591,R61HD105591,HD105591,Cedric Manlhiot,Rapid Acceleration of Diagnostics - Radical (RADx-rad): A Data Science Approach to Identify and Manage Multisystem Inflammatory Syndrome in Children (MIS-C) Associated With SARS-CoV-2 Infection and Kawasaki Disease in Pediatric Patients
RADx-rad,phs002563.v1.p1,1U18TR003787-01,U18TR003787,TR003787,Xiao-An Fu,Rapid Acceleration of Diagnostics - Radical (RADx-rad): A Handheld Microchip for GC Analysis of Breath to Screen for COVID-19
RADx-rad,phs002574.v1.p1,1R42DE030829-01,R42DE030829,DE030829,Roya Khosravi-Far,Rapid Acceleration of Diagnostics - Radical (RADx-rad): A Multimodal Platform for Oral Screening of COVID
RADx-rad,phs002570.v1.p1,1R42DE030829-01,R42DE030829,DE030829,Roya Khosravi-Far,Rapid Acceleration of Diagnostics - Radical (RADx-rad): A Multimodal Platform for Oral Screening of COVID-19
RADx-rad,phs002689.v1.p1,U54HL119145,U54HL119145,HL119145,Joseph Loscalzo,Rapid Acceleration of Diagnostics - Radical (RADx-rad): A Rapid Saliva Antigen Test for SARs-CoV-2 Detection
RADx-rad,phs002561.v1.p1,4U54HL119145-08,U54HL119145,HL119145,Hadi Shafiee,"Rapid Acceleration of Diagnostics - Radical (RADx-rad): A Rapid, Sensitive, Point-of- care, Antigen-based Diagnostics for SARS-CoV-2"
RADx-rad,phs002572.v1.p1,1R42DE030832-01,R42DE030832,DE030832,Timothy Gordon,Rapid Acceleration of Diagnostics - Radical (RADx-rad): A SARS-CoV-2 Breathalyzer for Direct Virus Detection
RADx-rad,phs002544.v1.p1,U18TR003778,U18TR003778,TR003778,David Wong,Rapid Acceleration of Diagnostics - Radical (RADx-rad): AFS/SERS Saliva-based SARS-CoV-2 Earliest Infection and Antibodies Detection
RADx-rad,phs002585.v1.p1,R61HD105593,R61HD105593,HD105593,Ananth Annapragada,Rapid Acceleration of Diagnostics - Radical (RADx-rad): AICORE-kids
RADx-rad,phs002527.v1.p1,U01LM013129,U01LM013129,LM013129,Matthew Scotch,Rapid Acceleration of Diagnostics - Radical (RADx-rad): Bioinformatics Framework for Wastewater-based Surveillance of Infectious Diseases
RADx-rad,phs002924.v1.p1,3U01HL152401-02S1,U01HL152401,HL152401,Devin MacKenzie,Rapid Acceleration of Diagnostics - Radical (RADx-rad): Broad-spectrum Detection of VOC and Non-VOC Biomarkers from Patient Exhalant Using Biomimetic Multiplexed eNose Biosensor for COVID 19 Diagnosis
RADx-rad,phs002747.v1.p1,U18TR003812,U18TR003812,TR003812,Xudong Fan,Rapid Acceleration of Diagnostics - Radical (RADx-rad): COVID-19 Detection through Scent Analysis with a Compact GC Device
RADx-rad,phs002569.v1.p1,1R61HD105619-01,R61HD105619,HD105619,Lawrence Kleinman,Rapid Acceleration of Diagnostics - Radical (RADx-rad): COVID-19 Network of Networks Expanding Clinical and Translational approaches to Predict Severe Illness in Children (CONNECT to Predict SIck Children)
RADx-rad,phs002553.v1.p1,1R61HD105590-01,R61HD105590,HD105590,Jane Burns,Rapid Acceleration of Diagnostics - Radical (RADx-rad): Characterization of Multisystem Inflammatory Syndrome in Children and its Relationship to Kawasaki Disease
RADx-rad,phs002573.v1.p1,1U01AA029348-01,U01AA029348,AA029348,Lu Peng,Rapid Acceleration of Diagnostics - Radical (RADx-rad): Detection and Automatic Privacy-Protected Contact Tracing System Designed for COVID-19
RADx-rad,phs002546.v1.p1,1U01AA029328,U01AA029328,AA029328,Diana Vanegas,Rapid Acceleration of Diagnostics - Radical (RADx-rad): Development of an Automated Diagnostic Platform for SARS-CoV-2 Monitoring in Vulnerable Areas
RADx-rad,phs002550.v1.p1,R44DE030841,R44DE030841,DE030841,Erik Young,Rapid Acceleration of Diagnostics - Radical (RADx-rad): Direct Bioelectronic Detection of SARS-Cov-2 From Saliva Using Singlemolecule Field-effect Transistor Array
RADx-rad,phs002781.v1.p1,R61HD105618-01,R61HD105618,HD105618,Charles Chiu,Rapid Acceleration of Diagnostics - Radical (RADx-rad): Discovery and Clinical Validation of Host Biomarkers of Disease Severity and Multi-system Inflammatory Syndrome in Children (MIS-C) and COVID-19
RADx-rad,phs002657.v1.p1,1R01DK130067-01,R01DK130067,DK130067,Yuedong Wang,"Rapid Acceleration of Diagnostics - Radical (RADx-rad): Early Detection, Containment, and Management of COVID-19 in Dialysis Facilities Using Multi-Modal Data Sources"
RADx-rad,phs002588.v1.p1,1U18TR003775-01,U18TR003775,TR003775,AT Charlie Johnson,"Rapid Acceleration of Diagnostics - Radical (RADx-rad): Effective, Reagent-free Detection of the Odor Signature of Covid-19 Infection Using a Nano-Enabled Sensor Array"
RADx-rad,phs002609.v1.p1,1R61HD105613-01,R61HD105613,HD105613,Juan Salazar,Rapid Acceleration of Diagnostics - Radical (RADx-rad): Identifying Biomarker Signatures of Prognostic Value for Multisystem Inflammatory Syndrome in Children (MIS-C)
RADx-rad,phs002522.v1.p1,U01HL152410,U01HL152410,HL152410,Jie Huang,Rapid Acceleration of Diagnostics - Radical (RADx-rad): MOF-SCENT: Metal-organic Frameworks for Screening COVID-19 by Electronic-Nose Technology to Improve Selectivity and Time Response
RADx-rad,phs002551.v1.p1,1R01MD016526-01,R01MD016526,MD016526,Kaiimi Alohilani Sinclair,Rapid Acceleration of Diagnostics - Radical (RADx-rad): Marshallese: Alternate Surveillance for COVID-19 in a Unique Population
RADx-rad,phs002543.v1.p1,1U01AA029324-01,U01AA029324,AA029324,Radislav Potyrailo,Rapid Acceleration of Diagnostics - Radical (RADx-rad): Minimal False-Alarm Touch-Based Detection of SARS-CoV-2 Virus Particles Using Poly-aptamers
RADx-rad,phs002523.v1.p1,1R01NR020105,R01NR020105,NR020105,Michael Snyder,Rapid Acceleration of Diagnostics - Radical (RADx-rad): Multi-Modal Wireless COVID Monitoring & Infection Alerts for Concentrated Populations
RADx-rad,phs002709.v1.p1,1U18TR003807,U18TR003807,TR003807,Eduardo Reategui,Rapid Acceleration of Diagnostics - Radical (RADx-rad): Multiparametric Integrated Molecular Detection of SARS-CoV-2 from Biofluids by Adapting Single Extracellular Vesicle Characterization Technologies
RADx-rad,phs002700.v1.p1,U01AA029331,U01AA029331,AA029331,John Cirrito,Rapid Acceleration of Diagnostics - Radical (RADx-rad): Nanobody-based Electrochemical Biosensor for Real-Time Detection of Aerosolized SARS-CoV2
RADx-rad,phs002600.v1.p1,1U18TR003795,U18TR003795,TR003795,Cristina Davis,Rapid Acceleration of Diagnostics - Radical (RADx-rad): Portable GC Detector for COVID Diagnostics
RADx-rad,phs002631.v1.p1,1U01DC019573-01,U01DC019573,DC019573,Steven Munger,Rapid Acceleration of Diagnostics - Radical (RADx-rad): Rapid Olfactory Tools for Telemedicine-friendly COVID-19 Screening and Surveillance
RADx-rad,phs002699.v1.p1,U01DC019578,U01DC019578,DC019578,Pamela Dalton,Rapid Acceleration of Diagnostics - Radical (RADx-rad): SCENTinel: A Rapid Smell Test for COVID-19 Surveillance
RADx-rad,phs002525.v1.p1,1U01DA053941-01,U01DA053941,DA053941,Helena Solo-Gabriele,Rapid Acceleration of Diagnostics - Radical (RADx-rad): SF-RAD: Development and Proof-of-Concept Implementation of the South Florida Miami RADx-rad SARS-CoV-2 Wastewater-Based Surveillance Infrastructure
RADx-rad,phs002549.v1.p1,1R61HD105610-01,R61HD105610,HD105610,Usha Sethuraman,Rapid Acceleration of Diagnostics - Radical (RADx-rad): Severity Predictors Using Immunology and Transcriptomics in Saliva Using Multi Neural Network Intelligence in SARS-CoV2 Infection in Children (SPITS MISC)
RADx-rad,phs002565.v1.p1,1U01AA029316,U01AA029316,AA029316,Suzie Pun,"Rapid Acceleration of Diagnostics - Radical (RADx-rad): Touchscreen-compatible, real-time electrochemical sensing of SARS-CoV-2"
RADx-rad,phs002524.v1.p1,R01DE031114,R01DE031114,DE031114,Jesse Jokerst,Rapid Acceleration of Diagnostics - Radical (RADx-rad): Validation of Smart Masks for Surveillance of COVID-19
RADx-rad,phs002602.v1.p1,4U54HL119145-08,U54HL119145,HL119145,Selim Unlu,Rapid Acceleration of Diagnostics - Radical (RADx-rad): Virus Counter: Rapid and Sensitive Diagnostics Based on Digital Detection of Individual Pathogens
RADx-rad,PENDING TRIBAL DATA TRANSFER AND USE AGREEMENT RECEIPT,1U01DA053976-01,U01DA053976,DA053976,Otakuye Conroy-Ben,Rapid Acceleration of Diagnostics - Radical (RADx-rad): Wastewater Analysis of SARS-CoV-2 in Tribal Communit
RADx-rad,phs002542.v1.p1,U01DA053903,U01DA053903,DA053903,James Keck,Rapid Acceleration of Diagnostics - Radical (RADx-rad): Wastewater Assessment for Coronavirus in Kentucky: Implementing Enhanced Surveillance Technology
RADx-rad,phs002679.v1.p1,U01DA053893-01,U01DA053893,DA053893,Jeff Wenzel,Rapid Acceleration of Diagnostics - Radical (RADx-rad): Wastewater Detection of COVID-19
RADx-TECH,phs002736.v1.p1,U54HL143541,U54HL143541,HL143541,Laura Gibson,Rapid Acceleration of Diagnostics - TECH  (RADx-TECH):  Rapid Manufacturing Scale-up for Compact Point-of-Care EUA SARS-CoV-2 RT-PCR Test
RADx-TECH,phs002737.v1.p1,U54HL143541,U54HL143541,HL143541,Laura Gibson,"Rapid Acceleration of Diagnostics - TECH (RADx-TECH): Accurate, Sensitive & Affordable POC and At Home Testing Device"
RADx-TECH,phs003026.v1.p1,U54HL143541,U54HL143541,HL143541,John Broach,Rapid Acceleration of Diagnostics - TECH (RADx-TECH): COVID-19 Test At Home Efficacy Sub-Study
RADx-TECH,phs003360.v1.p1,U54HL143541,U54HL143541,HL143541,David McManus,Rapid Acceleration of Diagnostics - TECH (RADx-TECH): RADx Tech COVID-19 Viral Dynamics/COVID Detect
RADx-TECH,phs003238.v1.p1,U54HL143541,U54HL143541,HL143541,Apurv Soni,Rapid Acceleration of Diagnostics - TECH (RADx-TECH): Self-Testing for Our Protection from COVID-19 (STOP COVID-19)
RADx-TECH,phs003027.v1.p1,U54HL143541,U54HL143541,HL143541,John Broach,Rapid Acceleration of Diagnostics - TECH (RADx-TECH): Test US Bank Study
RADx-TECH,phs003237.v1.p1,U54HL143541,U54HL143541,HL143541,Apurv Soni,Rapid Acceleration of Diagnostics - TECH (RADx-TECH): Test Us At Home
RADx-TECH,phs003239.v1.p1,U54HL143541,U54HL143541,HL143541,Apurv Soni,Rapid Acceleration of Diagnostics - TECH (RADx-TECH): Test Us At Home Daily
RADx-TECH,phs002738.v1.p1,U54HL143541,U54HL143541,HL143541,Laura Gibson,Rapid Acceleration of Diagnostics - TECH (RADx-TECH): Ultra-Sensitive Immunoassay Test for Quantitation of SARS-CoV-2 Antigen
RADx-TECH,phs002739.v1.p1,U54HL143541,U54HL143541,HL143541,Laura Gibson,Rapid Acceleration of Diagnostics - TECH(RADx-TECH): COVID-19 Test At Home Feasibility Sub-Study
RADx-TECH,phs002682.v1.p1,U54HL143541,U54HL143541,HL143541,Laura Gibson,Rapid Acceleration of Diagnostics - Tech  (RADx-TECH): 2183 SARS-CoV-2 Rapid Antigen Test
RADx-UP,phs002521.v1.p1,3R01DA037628-05S1,R01DA037628,DA037628,Elizabeth Stormshak,Rapid Acceleration of Diagnostics - Underrepresented Populations (RADx-UP): Creating a Sustainable Infrastructure for SARS-CoV-2 Testing at Syringe Exchange Programs
RADx-UP,phs002704.v1.p1,3R33AG057395-04S1,R33AG057395,AG057395,Jason Doctor,Rapid Acceleration of Diagnostics - Underserved Populations  (RADx-UP): Use of Behavioral Economics in Repeat SARS-CoV-2 Antibody Testing in Disadvantaged Communities
RADx-UP,phs002578.v1.p1,R01DK124664-01S1,R01DK124664,DK124664,Jannette Berkley-Patton,Rapid Acceleration of Diagnostics - Underserved Populations (RADx - UP): COVID-19 Testing and Linkage to Care with African American Church and Health Agency Partners
RADx-UP,phs002643.v1.p1,5UL1TR002733,UL1TR002733,TR002733,Rebecca Jackson,Rapid Acceleration of Diagnostics - Underserved Populations (RADx): COVID-19 Large Network Center
RADx-UP,phs002713.v1.p1,3R01CA235773-02S1,R01CA235773,CA235773,Matthew Kreuter,Rapid Acceleration of Diagnostics - Underserved Populations (RADx): Using Health Communication to Increase COVID-19 Testing and Vaccination in Underserved Populations
RADx-UP,phs002872.v1.p1,3P50CA244433-02S1,P50CA244433,CA244433,Karen Emmons,Rapid Acceleration of Diagnostics - Underserved Populations (RADx-UP):  Implementation Science Center in Cancer Control Equity: A Competitive Revision to Accelerate COVID Testing in Vulnerable Communities - Project 08
RADx-UP,phs002799.v1.p1,3UG1DA050071-04S1,UG1DA050071,DA050071,Katherine Elkington,Rapid Acceleration of Diagnostics - Underserved Populations (RADx-UP):  Leveraging Social Networks to Increase COVID-19 Testing Uptake: A Comparison of Credible Messenger and Chain Referral Recruitment Approaches
RADx-UP,phs002786.v1.p1,3R01AR065493-07S1,R01AR065493,AR065493,David Chae,Rapid Acceleration of Diagnostics - Underserved Populations (RADx-UP):  Lupus Education Alliance Program (LEAP)
RADx-UP,phs002791.v1.p1,3P30ES023513-06S1,P30ES023513,ES023513,Irva Hertz-Picciotto,"Rapid Acceleration of Diagnostics - Underserved Populations (RADx-UP):  ORALE COVID-19!: Organizaciones para Reducir, Avanzar y Lograr Equidad contra el COVID-19 (Organizations to Reduce, and to Advance, and Lead for Equity against COVID-19)"
RADx-UP,phs002870.v1.p1,1OT2HD107559-01,OT2HD107559,HD107559,Kanecia Zimmerman,Rapid Acceleration of Diagnostics - Underserved Populations (RADx-UP):  SARS-CoV-2 Screening and Diagnostic testing for return to K-12 schools
RADx-UP,phs002825.v1.p1,1OT2HD108097-01,OT2HD108097,HD108097,Yelena Wu,Rapid Acceleration of Diagnostics - Underserved Populations (RADx-UP):  SCALE UP COUNTS: A Health Information Technology Approach to Increasing COVID-19 Testing in Elementary and Middle Schools Serving Disadvantaged Communities
RADx-UP,phs002873.v1.p1,3S06GM127983-03S1,S06GM127983,GM127983,Sohail Khan,Rapid Acceleration of Diagnostics - Underserved Populations (RADx-UP):  The Cherokee Nation Community-Driven Program for Testing and Contact Tracing (Cherokee PROTECT)
RADx-UP,phs002920.v1.p1,3R01LM012309-04S1,R01LM012309,LM012309,Omolola Ogunyemi,Rapid Acceleration of Diagnostics - Underserved Populations (RADx-UP): A Community Health Worker Intervention to Identify and Decrease Barriers to Pre-Procedural COVID-19 Testing Among Los Angeles County Department of Health Safety-Net Patients
RADx-UP,phs002871.v1.p1,3P30AI027767-33S,P30AI027767,AI027767,Michael Saag,Rapid Acceleration of Diagnostics - Underserved Populations (RADx-UP): A Dynamic COVID-19 Community-Engaged Testing Strategy in Alabama (COVID COMET AL)
RADx-UP,phs002906.v1.p1,3P30DA011041-23S1,P30DA011041,DA011041,Holly Hagan,Rapid Acceleration of Diagnostics - Underserved Populations (RADx-UP): A Nurse-Community Health Worker-Family Partnership Model: Addressing Uptake of COVID-19 Testing and Control Measures
RADx-UP,phs002581.v1.p1,3UM1AI069423-15S1,UM1AI069423,AI069423,Michael Herce,"Rapid Acceleration of Diagnostics - Underserved Populations (RADx-UP): Adapting Community-Based Task-Shifting for the COVID-19 Response Among Underserved Populations in Piedmont, North Carolina (ACT UP)"
RADx-UP,phs002743.v1.p1,R37CA245716-01A1S1  ,R37CA245716,CA245716,Andrew Plunk,Rapid Acceleration of Diagnostics - Underserved Populations (RADx-UP): Addressing Low-Income Housing Resident Mistrust in COVID-19 Guidance
RADx-UP,phs002645.v1.p1,3R01NR018463-01A1S1,R01NR018463,NR018463,Elizabeth Lynch,Rapid Acceleration of Diagnostics - Underserved Populations (RADx-UP): Alive Church Network: Increasing COVID-19 Testing in Chicago's African American Testing Deserts
RADx-UP,phs002661.v1.p1,1OT2HD108101-01,OT2HD108101,HD108101,Rebecca Lee,Rapid Acceleration of Diagnostics - Underserved Populations (RADx-UP): Back to ECE Safely with SAGE: Reducing COVID-19 Transmission in Hispanic and Low-income Preschoolers
RADx-UP,phs002650.v1.p1,R01MD012767-04S1,R01MD012767,MD012767,Deepak Kumar,Rapid Acceleration of Diagnostics - Underserved Populations (RADx-UP): Building Resiliency and Vital Equity (BRAVE)
RADx-UP,phs003081.v1.p1,5U01MD017437-02,U01MD017437,MD017437,C. Daniel Mullins,Rapid Acceleration of Diagnostics - Underserved Populations (RADx-UP): COMMIT
RADx-UP,phs003361.v1.p1,3UG1DA050072-02S3,UG1DA050072,DA050072,Lauren Brinkley-Rubinstein,Rapid Acceleration of Diagnostics - Underserved Populations (RADx-UP): COVID-19 Testing and Prevention in Correctional Settings
RADx-UP,phs003234.v1.p1,1U01MD017414-01,U01MD017414,MD017414,John Schneider,Rapid Acceleration of Diagnostics - Underserved Populations (RADx-UP): COVID-19 Testing and Vaccination Social Network Diffusion for Diverse Criminal Legal Involved Communities
RADx-UP,phs002634.v1.p1,3R01MD010629-04S2,R01MD010629,MD010629,Liliane Windsor,Rapid Acceleration of Diagnostics - Underserved Populations (RADx-UP): COVID-19 Treatment Cascade Optimization Study
RADx-UP,phs002874.v1.p1,3U54MD007592-28S,U54MD007592,MD007592,Robert Kirken,Rapid Acceleration of Diagnostics - Underserved Populations (RADx-UP): COVID-19: Implementing Community-based Approaches to Increase SARS-CoV-2 Testing among an Underserved and Vulnerable Hispanic Population
RADx-UP,phs003375.v1.p1,3P30AI027763-29S1,P30AI027763,AI027763,Monica Gandhi,Rapid Acceleration of Diagnostics - Underserved Populations (RADx-UP): Collaborative Community Networks to Optimize Implementation of Low Barrier COVID-19 Testing Efforts Among Diverse Latinx Populations in Northern California
RADx-UP,phs002649.v1.p1,3U54CA132384-10S,U54CA132384,CA132384,Susan Kiene,Rapid Acceleration of Diagnostics - Underserved Populations (RADx-UP): Communities Fighting COVID
RADx-UP,phs003377.v1.p1,U01MD017433,U01MD017433,MD017433,Alana LeBron,Rapid Acceleration of Diagnostics - Underserved Populations (RADx-UP): Community Activation to TrAnsform Local sYSTems (CATALYST)
RADx-UP,phs002520.v1.p1,3R01MD013852-03S2,R01MD013852,MD013852,Pearl Mcelfish,Rapid Acceleration of Diagnostics - Underserved Populations (RADx-UP): Community Based COVID-19 Testing Evaluation
RADx-UP,phs003374.v1.p1,P30AI094189,P30AI094189,AI094189,Jason Farley,Rapid Acceleration of Diagnostics - Underserved Populations (RADx-UP): Community Collaboration to Combat Coronavirus (C-FORWARD)
RADx-UP,phs002526.v1.p1,3U54MD007601-34S2,U54MD007601,MD007601,Jerris Hedges,Rapid Acceleration of Diagnostics - Underserved Populations (RADx-UP): Community Driven Approach to Mitigate COVID-19 Disparities in Hawaii's Vulnerable Populations
RADx-UP,phs002601.v1.p1,3UG1DA050066-02S1,UG1DA050066,DA050066,John Schneider,Rapid Acceleration of Diagnostics - Underserved Populations (RADx-UP): Community Network-Driven COVID-19 Testing of Vulnerable Populations in the Central US (C3)
RADx-UP,phs003021.v1.p1,3U54MD011240-06S1,U54MD011240,MD011240,Dedra Buchwald,"Rapid Acceleration of Diagnostics - Underserved Populations (RADx-UP): Community Organizations for Natives: COVID-19 Epidemiology, Research, Testing, and Services (CONCERTS)"
RADx-UP,phs002708.v1.p1,3P42ES010337-19S,P42ES010337,ES010337,Louise Laurent,Rapid Acceleration of Diagnostics - Underserved Populations (RADx-UP): Community-driven Optimization of COVID-19 testing to Reach and Engage underserved Areas for Testing Equity (CO-CREATE)
RADx-UP,phs002711.v1.p1,U54GM104938-08S1,U54GM104938,GM104938,Judith James,Rapid Acceleration of Diagnostics - Underserved Populations (RADx-UP): Community-engaged Approaches to Testing in Community and Healthcare Settings for Underserved Populations (CATCH-UP)
RADx-UP,phs002741.v1.p1,3U54MD010711-05S1,U54MD010711,MD010711,Marcella Nunez-Smith,Rapid Acceleration of Diagnostics - Underserved Populations (RADx-UP): Community-engaged Research to Improve the COVID-19 Testing Cascade Among Underserved Populations in the US Caribbean Territories
RADx-UP,phs003126.v1.p1,1U01DA056000-01,U01DA056000,DA056000,Anne Spaulding,"Rapid Acceleration of Diagnostics - Underserved Populations (RADx-UP): Conducting Correctional COVID Research and Implementing Novel, Ethically Sound, Sustainable Surveillance Systems (CRAINES)"
RADx-UP,phs002662.v1.p1,3U54GM104942-05S3,U54GM104942,GM104942,Sally Hodder,Rapid Acceleration of Diagnostics - Underserved Populations (RADx-UP): Developing Novel Strategies to Increase COVID-19 Testing Among Underserved and Vulnerable Populations in West Virginia Through Community and State Partnerships
RADx-UP,phs002656.v1.p1,3U54MD002316-14S1,U54MD002316,MD002316,Flavio Marsiglia,Rapid Acceleration of Diagnostics - Underserved Populations (RADx-UP): Eliminating COVID-19 Disparities in Arizona in Partnership with Vulnerable/Underserved Communities
RADx-UP,phs003376.v1.p1,1OT2HD108105-01,OT2HD108105,HD108105,May Okihiro,Rapid Acceleration of Diagnostics - Underserved Populations (RADx-UP): Empowering Schools as Community Assets to Mitigate the Adverse Impacts of COVID-19
RADx-UP,phs003125.v1.p1,3U54GM104940-06S4,U54GM104940,GM104940,John Kirwan,Rapid Acceleration of Diagnostics - Underserved Populations (RADx-UP): Engaging Church Health Ministries to Decrease SARS-CoV-2 Vaccine Hesitancy in Underserved Populations in Baton Rouge
RADx-UP,phs002745.v1.p1,3R21MD013674-02S2,R21MD013674,MD013674,Melissa Marzan,Rapid Acceleration of Diagnostics - Underserved Populations (RADx-UP): Epidemiologic Intelligence Network (EpI-Net) to Promote COVID-19 Testing and Prevention Practices Among Socially Vulnerable Communities in Puerto Rico
RADx-UP,phs003057.v1.p1,U01CA271329-01,U01CA271329,CA271329,Jan Carney,"Rapid Acceleration of Diagnostics - Underserved Populations (RADx-UP): Evidence-based Interventions Individual, Community, and Structural Factors That Predict Lower Rates of Covid-19 Screening Testing in Underserved and Vulnerable Populations"
RADx-UP,phs003142.v1.p1,3U54GM115677-06S2,U54GM115677,GM115677,Sharon Rounds,Rapid Acceleration of Diagnostics - Underserved Populations (RADx-UP): Expanding a Statewide Realtime Monitoring System and Program to Improve Testing and Vaccination for High Risk Children
RADx-UP,phs002720.v1.p1,3R01DA041243-05S2,R01DA041243,DA041243,Susan Sherman,"Rapid Acceleration of Diagnostics - Underserved Populations (RADx-UP): Exploring Barriers and Facilitators to Women Who Use Drugs (WWUD) Awareness, Acceptance and Uptake of COVID-19 Testing, The CARE Study"
RADx-UP,phs003049.v1.p1,1U01MD017419-01,U01MD017419,MD017419,Brian Hendricks,Rapid Acceleration of Diagnostics - Underserved Populations (RADx-UP): Identifying COVID-19 Vaccine Deserts Using Machine Learning and Geospatial Analyses to Target Community-engaged Testing for Vulnerable Rural Populations to Prevent Localized Outbreaks
RADx-UP,phs002946.v1.p1,U01MD017431,U01MD017431,MD017431,Scott Rhodes,"Rapid Acceleration of Diagnostics - Underserved Populations (RADx-UP): Identifying and Addressing Critical Social, Ethical, and Behavioral Factors Associated with COVID-19 Testing and Vaccination among Spanish Speakers"
RADx-UP,phs003050.v1.p1,3U54AG063546-02S2,U54AG063546,AG063546,Vincent Mor,Rapid Acceleration of Diagnostics - Underserved Populations (RADx-UP): Improving Testing for COVID-19 in Skilled Nursing Facilities: IMPACT
RADx-UP,phs002619.v1.p1,UL1TR002366-04S3,UL1TR002366,TR002366,Edward Elleberck,Rapid Acceleration of Diagnostics - Underserved Populations (RADx-UP): Improving the Response of Local Urban and Rural Communities to Disparities in Covid-19 Testing
RADx-UP,phs002608.v1.p1,3R01DA051302-01S1,R01DA051302,DA051302,Heather Bradley,Rapid Acceleration of Diagnostics - Underserved Populations (RADx-UP): Increasing Representation of Black Communities in SARS-CoV-2 Serosurveys by Understanding Barriers and Motivations for Participation (Represent ATL)
RADx-UP,phs002763.v1.p1,3R01ES028615-06S1,R01ES028615,ES028615,Nahed Ismail,"Rapid Acceleration of Diagnostics - Underserved Populations (RADx-UP): Investigating the Effectiveness of COVID-19 Testing Choices, Community Engagement, and Culturally-embedded mHealth Literacy Delivery in a Medically-underserved, Community-based Sample"
RADx-UP,phs002660.v1.p1,3R01DA045556-04S1,R01DA045556,DA045556,Kathleen Page,Rapid Acceleration of Diagnostics - Underserved Populations (RADx-UP): Juntos (Together): A Community Led Approach to Enhance to COVID-19 Testing Amount Vulnerable Latinos
RADx-UP,phs002658.v1.p1,3UH3AI133669-04S1,UH3AI133669,AI133669,Andrea Wirtz,Rapid Acceleration of Diagnostics - Underserved Populations (RADx-UP): LITE CONNECT: Addressing Testing Gaps and Epidemiologic Disparities of COVID- 19 Among Transgender People in the United States
RADx-UP,phs003082.v1.p1,U01MD017415,U01MD017415,MD017415,Megha Ramaswamy,"Rapid Acceleration of Diagnostics - Underserved Populations (RADx-UP): Localized mHealth Approach to Boosting COVID-19 Testing and Vaccine Literacy, Access, and Uptake Among Women with Criminal Legal System Involvement"
RADx-UP,phs003037.v1.p1,1OT2HD108111-01,OT2HD108111,HD108111,Lisa Gwynn,Rapid Acceleration of Diagnostics - Underserved Populations (RADx-UP): Maximizing Child Health and Learning Potential: Promoting A School Culture of Safety in the Era of COVID-19: Feasibility of Strategic COVID-19 Testing Protocols in At-risk Urban School
RADx-UP,phs003128.v1.p1,1OT2HD108106-01,OT2HD108106,HD108106,Russell McCulloh,Rapid Acceleration of Diagnostics - Underserved Populations (RADx-UP): Mobile Health-Targeted SARS-CoV-2 Testing and Community Interventions to Maximize Migrant Children's School Attendance During the COVID-19 Pandemic
RADx-UP,phs002807.v1.p1,3U54MD010724-05S,U54MD010724,MD010724,Yvonne Maldonado,Rapid Acceleration of Diagnostics - Underserved Populations (RADx-UP): Monitoring COVID-19 and Building Capacity with Northern Plains Tribes and the Future of Pandemics
RADx-UP,phs002948.v1.p1,1U01DA055982-01,U01DA055982,DA055982,Anne Mauricio,Rapid Acceleration of Diagnostics - Underserved Populations (RADx-UP): Motivational Enhancement to Augment Contingency Management for SARS-CoV-2 Testing and Vaccination Utilization Among Syringe Exchange Clients
RADx-UP,phs002567.v1.p1,UL1TR003017-02S2,UL1TR003017,TR003017,Shawna Hudson,Rapid Acceleration of Diagnostics - Underserved Populations (RADx-UP): NJ HEROES TOO: New Jersey Healthcare Essential Worker Outreach and Education Study Testing Overlooked Occupations
RADx-UP,phs002868.v1.p1,U54MD000502-18S1,U54MD000502,MD000502,Mona Fouad,Rapid Acceleration of Diagnostics - Underserved Populations (RADx-UP): Obesity Health Disparities Research Center (OHDRC) - COVID-19 Testing Model among Vulnerable Populations: From Community Engagement to Follow-Up
RADx-UP,phs002742.v1.p1,3P30GM114737-05S1,P30GM114737,GM114737,Richard Yanagihara,Rapid Acceleration of Diagnostics - Underserved Populations (RADx-UP): Puipuia le Ola: Increasing Reach and Uptake of COVID-19 Testing Among Pacific Islanders in Hawaii and Guam
RADx-UP,phs003032.v1.p1,3P30DK111024-06S1,P30DK111024,DK111024,Rakale Quarells,Rapid Acceleration of Diagnostics - Underserved Populations (RADx-UP): RADx-UP Supplement-Vaccine Hesitancy & Uptake
RADx-UP,phs003030.v1.p1,U01MD017436,U01MD017436,MD017436,Matthew DeCamp,"Rapid Acceleration of Diagnostics - Underserved Populations (RADx-UP): REACH-OUT: Research, Engagement and Action on COVID-19 Health Outcomes via Testing"
RADx-UP,phs002644.v1.p1,3UL1TR001436-06S1,UL1TR001436,TR001436,John Meurer,Rapid Acceleration of Diagnostics - Underserved Populations (RADx-UP): Randomized COVID-19 Testing in Vulnerable Communities and Risk Tool Creation (FightCOVIDMKE)
RADx-UP,phs002618.v1.p1,3R01CA220591-03S1,R01CA220591,CA220591,Lorna Thorpe,Rapid Acceleration of Diagnostics - Underserved Populations (RADx-UP): Rapid Acceleration of Acceptable COVID Testing and Care Options for NYC Public Housing Residents (RADx NYCHA)
RADx-UP,phs003373.v1.p1,3P30DK111024-05S1,P30DK111024,DK111024,Kabayam Narayan,Rapid Acceleration of Diagnostics - Underserved Populations (RADx-UP): Rapid Optimization of COVID-19 Testing for People Affected by Diabetes
RADx-UP,phs003127.v1.p1,1OT2HD107544-01,OT2HD107544,HD107544,Linda Ko,Rapid Acceleration of Diagnostics - Underserved Populations (RADx-UP): ReOpening Schools Safely and Educating Youth (ROSSEY)
RADx-UP,phs002904.v1.p1,1OT2HD107558-01,OT2HD107558,HD107558,Ryan Coller,Rapid Acceleration of Diagnostics - Underserved Populations (RADx-UP): ReSET: Restarting Safe Education and Testing for Children with Medical Complexity
RADx-UP,phs002568.v1.p1,P30NR016587-05S,P30NR016587,NR016587,Suzanne Bakken,Rapid Acceleration of Diagnostics - Underserved Populations (RADx-UP): Reaching Communities through the Design of Information Visualizations (ReDIVis) Toolbox for Return of COVID-19 Results (RCR)
RADx-UP,phs002917.v1.p1,1U01MD017432-01,U01MD017432,MD017432,Gabriela Oates,Rapid Acceleration of Diagnostics - Underserved Populations (RADx-UP): Reducing Ethical and Social Prejudicial Effects of COVID-19 Testing in Underserved Populations (RESPECT-UP)
RADx-UP,phs003083.v1.p1,1U01AI169477,U01AI169477,AI169477,Shuchi Anand,Rapid Acceleration of Diagnostics - Underserved Populations (RADx-UP): SARS-COV-2 Screening in Dialysis Facilities: Building an Optimal Strategy to Protect High Risk Population
RADx-UP,phs003368.v1.p1,U01MD017421,U01MD017421,MD017421,Guilherme DelFiol,Rapid Acceleration of Diagnostics - Underserved Populations (RADx-UP): SCALE UP Utah II: Community-Academic Partnership to Address COVID-19 Testing and Vaccination Among Utah Community Health Centers
RADx-UP,phs002575.v1.p1,3UL1TR002538-03S4,UL1TR002538,TR002538,Rachel Hess,Rapid Acceleration of Diagnostics - Underserved Populations (RADx-UP): SCALE UP Utah: A Community-Academic Partnership to Address COVID-19 Among Utah Community Health Centers
RADx-UP,phs003031.v1.p1,1U01HD108787-01,U01HD108787,HD108787,Rebecca Fielding-Miller,Rapid Acceleration of Diagnostics - Underserved Populations (RADx-UP): Safer at School Early Alert Project HUB
RADx-UP,phs002905.v1.p1,3R01HD091218-04S1,R01HD091218,HD091218,Megan Foeller,"Rapid Acceleration of Diagnostics - Underserved Populations (RADx-UP): Safety, Testing/Transmission and Outcomes in Pregnancies with COVID-19 (STOP COVID-19)"
RADx-UP,phs002584.v1.p1,3P50DA048756-02S2,P50DA048756,DA048756,Leslie Leve,Rapid Acceleration of Diagnostics - Underserved Populations (RADx-UP): Scaling Up SARS-COV-2  Testing to Serve Latinx Communities
RADx-UP,phs003364.v1.p1,1U01MD017412-01,U01MD017412,MD017412,Kathleen Page,"Rapid Acceleration of Diagnostics - Underserved Populations (RADx-UP): Sin Duda: A Cmmunity-driven Approach to Expand Reach, Access and Uptake of COVID-19 Home-based Tests for At-risk Latinos"
RADx-UP,phs003033.v1.p1,P20GM103653-09S1,P20GM103653,GM103653,Melissa Harrington,Rapid Acceleration of Diagnostics - Underserved Populations (RADx-UP): Social and Behavioral Implications for COVID-19 Testing in Delaware's Underserved Communities
RADx-UP,phs003365.v1.p1,3U54MD007597-33S1,U54MD007597,MD007597,William Southerland,"Rapid Acceleration of Diagnostics - Underserved Populations (RADx-UP): Social, Behavioral, and Ethical Implications of COVID-19"
RADx-UP,phs003056.v1.p1,OT2HD108110,OT2HD108110,HD108110,Sara Johnson,"Rapid Acceleration of Diagnostics - Underserved Populations (RADx-UP): Social, Ethical, and Behavioral Factors in the Return to School Among Underserved Communities in Maryland"
RADx-UP,phs002777.v1.p1,3R34AT010661-02S1,R34AT010661,AT010661,Laura Redwine,"Rapid Acceleration of Diagnostics - Underserved Populations (RADx-UP): Social, Ethical, and Behavioral Implications Research on COVID-19: Testing and Vaccine Uptake Among Rural Latino Migrants in Southwest Florida"
RADx-UP,phs003029.v1.p1,1U01MD017434-01,U01MD017434,MD017434,Patchareeya Kwan,"Rapid Acceleration of Diagnostics - Underserved Populations (RADx-UP): Southeast Asians in the US: Health Equity & Research to Understand COVID-19 Stories (SEA US, HEAR US)"
RADx-UP,phs002740.v1.p1,1OT2HD107555-01,OT2HD107555,HD107555,Dana Keener Mast,"Rapid Acceleration of Diagnostics - Underserved Populations (RADx-UP): Support fir Safe Return to In-Person School: COVID-19 Testing, Learning, and Consultation"
RADx-UP,phs003362.v1.p1,U01DA057849,U01DA057849,DA057849,Camille Cioffi,Rapid Acceleration of Diagnostics - Underserved Populations (RADx-UP): Supported Employment to Create a Community Culture of Rapid Testing Among People Who Inject Drugs: PeerConnect2Test
RADx-UP,phs002947.v1.p1,OT2HD107556-01,OT2HD107556,HD107556,Luther Kalb,Rapid Acceleration of Diagnostics - Underserved Populations (RADx-UP): Supporting the Health and Well-being of Children with Intellectual and Developmental Disability During COVID-19 Pandemic
RADx-UP,phs002633.v1.p1,3U54GM104940-05S3,U54GM104940,GM104940,John Kirwan,Rapid Acceleration of Diagnostics - Underserved Populations (RADx-UP): Transforming Community Engagement to Increase SARS-CoV-2 Testing in Underserved Populations in Baton Rouge (TEST UP-BR)
RADx-UP,phs002707.v1.p1,3U54GM115516-05S2,U54GM115516,GM115516,Clifford Rosen,Rapid Acceleration of Diagnostics - Underserved Populations (RADx-UP): Understanding Factors Influencing COVID-19 Testing and Vaccination in Immigrant Low-income and Homeless Populations and Testing Targeted Interventions
RADx-UP,phs002582.v1.p1,R21MH122010-01S1,R21MH122010,MH122010,Katherine Quinn,"Rapid Acceleration of Diagnostics - Underserved Populations (RADx-UP): Understanding the COVID-19, Racism, and Violence Syndemic and its Effects on COVID-19 Testing Disparities"
RADx-UP,phs003051.v1.p1,U01MD017418,U01MD017418,MD017418,Marya Gwadz,Rapid Acceleration of Diagnostics - Underserved Populations (RADx-UP): Using the Multiphase Optimization Strategy (MOST) to Optimize an Intervention to Increase COVID-19 Testing for Black and Latino/Hispanic Frontline Essential Workers
RADx-UP,phs003359.v1.p1,P50HD103525-01S1,P50HD103525,HD103525,Jason Newland,Rapid Acceleration of Diagnostics - Underserved Populations (RADx-UP): WUSTL Supporting the Health and Well-being of Children with Intellectual and Developmental Disability During COVD-19 Pandemic
RADx-UP,phs003366.v1.p1,U01MD018294-01,U01MD018294,MD018294,Christoph Hornik,Rapid Acceleration of Diagnostics - Underserved Populations (RADx-UP): You & Me: Test and Treat
RADx-UP,phs003371.v1.p1,3P30ES023513-07S1,P30ES023513,ES023513,Irva Hertz-Picciotto,"Rapid Acceleration of Diagnostics - Underserved Populations (RADx-UP): ÓRALE COVID-19! Vaccination: An Initiative to Increase COVID-19 Vaccination in Yolo, Madera, Fresno, Stanislaus Counties in California."
RADx-UP,phs003123.v1.p1,3R01DA041243-05S2,R01DA041243,DA041243,Susan Sherman,"Rapid Acceleration of Diagnostics - Underserved Populations (RADx-UP):C2SPARC: Implementing Mobile, POC COVID-19 Testing in Partnership with a Community-based Organization to Reach Women Who Use Drugs"
RADx-UP,phs002647.v1.p1,R01AA024409-05S1,R01AA024409,AA024409,Gregory Phillips,Rapid Acceleration of Diagnostics- Underserved Populations (RADx-UP): Supporting COVID-19 Prevention and Testing for Marginalized and Minoritized Youth and Young Adults
RADx-DHT,phs002536.v1.p1,75N91020C00036-0-9999-1,75N91020C00036,75N91020C00036,Teresa Gibson,Rapid Acceleration of Diagnostics-Digital Health (RADx-DH): NIH Digital Health Solutions for COVID-19
RADx-rad,,1U24LM013755-01,U24LM013755,LM013755,Lucila Ohno-Machado,RADx-Rad Discoveries & Data: Consortium Coordination Center Program Organization
RADx-UP,,1U24MD016258-01,U24MD016258,MD016258,Michael Cohen-Wolkowiez,RADx-UP CDCC
RADx-HUB,,3OT2DB000009-01S2,OT2DB000009,DB000009,Mark A Musen,Enhancing the RADx Data Hub for Data FAIRness
